,Player,Team,POS,RUSH_ATT,RUSH_YD,RUSH_TD,REC,REC_YD,REC_TD,FL,PASS_ATT,CMP,PASS_YD,PASS_TD,INTS
1,Jonathan Taylor,IND,RB,326.7,"1,603.4",15.0,42.4,348.4,2.0,1.6,0.0,0.0,0,0.0,0.0
2,Derrick Henry,TEN,RB,362.5,"1,621.2",13.0,26.7,213.5,1.1,1.0,0.0,0.0,0,0.0,0.0
3,Christian McCaffrey,CAR,RB,240.7,"1,073.2",8.1,88.3,749.6,4.1,0.5,0.0,0.0,0,0.0,0.0
4,Austin Ekeler,LAC,RB,219.8,954.1,9.0,71.5,633.1,4.7,0.7,0.0,0.0,0,0.0,0.0
5,Joe Mixon,CIN,RB,288.2,"1,203.2",9.5,46.1,339.1,2.4,0.9,0.0,0.0,0,0.0,0.0
6,Alvin Kamara,NO,RB,218.0,983.7,8.3,58.3,515.8,3.9,0.3,0.0,0.0,0,0.0,0.0
7,Dalvin Cook,MIN,RB,264.4,"1,201.6",9.6,43.5,322.0,1.6,1.8,0.0,0.0,0,0.0,0.0
8,Najee Harris,PIT,RB,294.0,"1,179.5",7.5,57.4,381.2,1.9,0.4,0.0,0.0,0,0.0,0.0
9,Aaron Jones,GB,RB,194.8,942.7,6.2,62.8,509.2,3.7,0.8,0.0,0.0,0,0.0,0.0
10,Leonard Fournette,TB,RB,232.4,962.5,8.8,56.7,389.8,2.3,0.4,0.0,0.0,0,0.0,0.0
11,James Conner,ARI,RB,227.6,926.9,10.0,44.3,351.6,2.2,0.8,0.0,0.0,0,0.0,0.0
12,Nick Chubb,CLE,RB,247.5,"1,202.6",9.0,24.6,196.6,1.0,0.9,0.0,0.0,0,0.0,0.0
13,Javonte Williams,DEN,RB,229.5,"1,008.0",8.1,46.5,353.2,2.4,1.1,0.0,0.0,0,0.0,0.0
14,Saquon Barkley,NYG,RB,245.2,"1,025.1",6.9,55.9,423.9,2.0,0.8,0.0,0.0,0,0.0,0.0
15,D'Andre Swift,DET,RB,220.1,931.5,6.7,65.3,486.6,2.6,1.3,0.0,0.0,0,0.0,0.0
16,David Montgomery,CHI,RB,229.3,931.8,7.5,44.7,348.0,2.0,0.7,0.0,0.0,0,0.0,0.0
17,Ezekiel Elliott,DAL,RB,231.0,971.8,7.7,41.2,286.0,1.9,1.7,0.0,0.0,0,0.0,0.0
18,Elijah Mitchell,SF,RB,229.1,"1,001.6",7.6,28.8,220.6,1.4,0.3,0.0,0.0,0,0.0,0.0
19,Breece Hall,NYJ,RB,219.0,"1,000.7",6.8,37.0,279.4,1.4,1.2,0.0,0.0,0,0.0,0.0
20,Cam Akers,LAR,RB,229.9,991.1,7.2,33.5,262.0,1.7,2.4,0.0,0.0,0,0.0,0.0
21,Damien Harris,NE,RB,210.4,973.6,10.0,18.7,139.3,0.6,1.2,0.0,0.0,0,0.0,0.0
22,Josh Jacobs,LV,RB,224.7,943.5,8.0,36.6,251.7,0.9,1.4,0.0,0.0,0,0.0,0.0
23,J.K. Dobbins,BAL,RB,204.1,925.4,8.0,30.5,223.8,1.4,0.5,0.0,0.0,0,0.0,0.0
24,Travis Etienne Jr.,JAC,RB,185.1,851.6,5.7,49.4,398.3,2.0,1.1,0.0,0.0,0,0.0,0.0
25,Miles Sanders,PHI,RB,204.5,"1,034.2",6.0,29.9,212.1,1.1,1.4,0.0,0.0,0,0.0,0.0
26,Antonio Gibson,WAS,RB,196.9,881.2,6.8,32.8,240.4,1.4,1.5,0.0,0.0,0,0.0,0.0
27,Rashaad Penny,SEA,RB,193.8,965.9,6.9,21.6,161.1,0.7,0.8,0.0,0.0,0,0.0,0.0
28,AJ Dillon,GB,RB,182.1,806.9,6.7,33.5,272.1,1.5,0.8,0.0,0.0,0,0.0,0.0
29,Dameon Pierce,HOU,RB,216.6,906.8,6.0,29.3,225.2,1.1,1.0,0.0,0.0,0,0.0,0.0
30,Clyde Edwards-Helaire,KC,RB,181.3,789.8,5.8,36.1,271.5,2.1,1.0,0.0,0.0,0,0.0,0.0
31,Devin Singletary,BUF,RB,180.3,832.7,5.8,33.8,228.6,1.4,1.0,0.0,0.0,0,0.0,0.0
32,Tony Pollard,DAL,RB,155.4,726.9,3.9,45.9,376.7,2.2,0.4,0.0,0.0,0,0.0,0.0
33,Rhamondre Stevenson,NE,RB,174.4,738.7,6.6,33.7,259.0,1.3,0.5,0.0,0.0,0,0.0,0.0
34,Cordarrelle Patterson,ATL,RB,134.2,601.2,4.3,44.3,398.8,2.6,0.3,0.0,0.0,0,0.0,0.0
35,Chase Edmonds,MIA,RB,166.3,718.9,4.2,45.6,331.1,1.8,0.3,0.0,0.0,0,0.0,0.0
36,Melvin Gordon III,DEN,RB,150.8,684.2,5.9,24.6,189.6,1.2,1.4,0.0,0.0,0,0.0,0.0
37,Kareem Hunt,CLE,RB,131.7,544.8,4.5,40.6,309.0,1.9,0.2,0.0,0.0,0,0.0,0.0
38,Michael Carter,NYJ,RB,133.3,556.3,3.3,32.7,269.6,1.3,0.3,0.0,0.0,0,0.0,0.0
39,Raheem Mostert,MIA,RB,130.3,650.7,4.4,16.3,126.1,0.9,1.2,0.0,0.0,0,0.0,0.0
40,James Robinson,JAC,RB,146.1,584.5,4.6,23.2,174.3,0.7,0.8,0.0,0.0,0,0.0,0.0
41,Darrell Henderson Jr.,LAR,RB,131.5,526.7,3.8,23.1,178.5,1.3,0.1,0.0,0.0,0,0.0,0.0
42,Jamaal Williams,DET,RB,133.3,558.0,3.6,22.5,149.2,0.8,0.2,0.0,0.0,0,0.0,0.0
43,Brian Robinson Jr.,WAS,RB,130.9,562.6,4.4,16.4,122.2,0.5,0.6,0.0,0.0,0,0.0,0.0
44,Ken Walker III,SEA,RB,151.7,573.5,4.1,16.1,110.6,0.4,0.5,0.0,0.0,0,0.0,0.0
45,James Cook,BUF,RB,93.1,402.1,2.9,30.6,240.9,1.7,0.4,0.0,0.0,0,0.0,0.0
46,Nyheim Hines,IND,RB,75.1,288.7,2.0,44.7,356.7,1.9,0.4,0.0,0.0,0,0.0,0.0
47,Kenneth Gainwell,PHI,RB,87.7,363.3,3.4,30.4,242.6,1.2,0.7,0.0,0.0,0,0.0,0.0
48,Mark Ingram II,NO,RB,116.3,479.3,3.4,18.6,144.8,0.6,0.4,0.0,0.0,0,0.0,0.0
49,Alexander Mattison,MIN,RB,109.1,438.4,2.8,24.7,182.8,0.9,0.4,0.0,0.0,0,0.0,0.0
50,J.D. McKissic,WAS,RB,49.9,223.5,1.3,47.4,369.3,1.9,0.2,0.0,0.0,0,0.0,0.0
51,Rex Burkhead,HOU,RB,76.4,331.2,2.3,29.9,239.6,1.2,0.2,0.0,0.0,0,0.0,0.0
52,Rachaad White,TB,RB,87.3,345.2,3.0,21.3,165.0,1.1,0.4,0.0,0.0,0,0.0,0.0
53,Tyler Allgeier,ATL,RB,127.2,477.6,2.7,12.9,93.3,0.3,0.4,0.0,0.0,0,0.0,0.0
54,Khalil Herbert,CHI,RB,111.6,402.5,2.6,18.4,137.0,0.6,0.3,0.0,0.0,0,0.0,0.0
55,Marlon Mack,SF,RB,135.0,389.5,2.7,12.3,84.7,0.5,0.1,0.0,0.0,0,0.0,0.0
56,Gus Edwards,BAL,RB,93.4,398.6,3.0,6.2,50.4,0.2,0.5,0.0,0.0,0,0.0,0.0
57,Zamir White,LV,RB,97.2,352.9,3.1,9.4,65.1,0.3,0.3,0.0,0.0,0,0.0,0.0
58,Jerick McKinnon,KC,RB,46.3,212.5,1.6,27.6,217.4,1.3,0.3,0.0,0.0,0,0.0,0.0
59,D'Onta Foreman,CAR,RB,74.2,376.9,2.5,7.0,60.1,0.2,0.9,0.0,0.0,0,0.0,0.0
60,Ameer Abdullah,LV,RB,37.0,175.6,0.9,35.7,257.6,1.4,0.1,0.0,0.0,0,0.0,0.0
61,Boston Scott,PHI,RB,69.3,296.3,2.7,8.8,64.1,0.2,0.4,0.0,0.0,0,0.0,0.0
62,Sony Michel,LAC,RB,73.2,303.0,2.3,9.4,70.2,0.2,0.2,0.0,0.0,0,0.0,0.0
63,Damien Williams,ATL,RB,63.9,243.3,1.5,20.4,153.9,0.5,0.3,0.0,0.0,0,0.0,0.0
64,Dontrell Hilliard,TEN,RB,41.4,199.7,1.2,24.2,183.2,0.7,0.5,0.0,0.0,0,0.0,0.0
65,Ronald Jones II,KC,RB,53.1,261.2,2.7,9.3,62.5,0.2,0.5,0.0,0.0,0,0.0,0.0
66,Isaiah Spiller,LAC,RB,61.4,245.7,1.8,12.4,92.2,0.4,0.2,0.0,0.0,0,0.0,0.0
67,Eno Benjamin,ARI,RB,60.0,243.3,1.7,12.3,98.1,0.3,0.3,0.0,0.0,0,0.0,0.0
68,Matt Breida,NYG,RB,65.8,271.8,1.3,12.1,91.0,0.5,0.7,0.0,0.0,0,0.0,0.0
69,Samaje Perine,CIN,RB,57.3,215.6,1.2,19.9,139.4,0.6,0.2,0.0,0.0,0,0.0,0.0
70,Darrel Williams,ARI,RB,46.7,201.9,1.8,13.4,106.8,0.6,0.1,0.0,0.0,0,0.0,0.0
71,Isiah Pacheco,KC,RB,55.5,224.3,2.0,10.6,71.3,0.4,0.3,0.0,0.0,0,0.0,0.0
72,Phillip Lindsay,IND,RB,56.0,288.4,1.8,4.4,33.8,0.1,0.3,0.0,0.0,0,0.0,0.0
73,Tevin Coleman,SF,RB,16.0,263.7,1.4,9.8,72.5,0.1,0.0,0.0,0.0,0,0.0,0.0
74,J.J. Taylor,NE,RB,0.0,235.9,2.0,7.8,57.2,0.3,0.2,0.0,0.0,0,0.0,0.0
75,Mike Davis,BAL,RB,48.4,229.7,1.8,11.1,77.1,0.2,0.5,0.0,0.0,0,0.0,0.0
76,Jeff Wilson Jr.,SF,RB,46.1,172.6,1.6,11.2,83.5,0.6,0.3,0.0,0.0,0,0.0,0.0
77,D'Ernest Johnson,CLE,RB,34.2,197.4,1.4,9.7,77.0,0.2,0.1,0.0,0.0,0,0.0,0.0
78,Chuba Hubbard,CAR,RB,44.2,186.3,1.2,12.8,89.3,0.5,0.3,0.0,0.0,0,0.0,0.0
79,Justin Jackson,DET,RB,17.9,147.8,1.3,11.7,96.0,0.5,0.3,0.0,0.0,0,0.0,0.0
80,Tyler Goodson,GB,RB,0.0,170.3,1.6,7.8,63.8,0.4,0.2,0.0,0.0,0,0.0,0.0
81,Ke'Shawn Vaughn,TB,RB,44.5,188.1,1.7,6.8,48.3,0.1,0.4,0.0,0.0,0,0.0,0.0
82,Hassan Haskins,TEN,RB,51.4,204.0,1.2,7.0,50.2,0.2,0.2,0.0,0.0,0,0.0,0.0
83,Kenyan Drake,BAL,RB,27.0,152.2,1.0,13.5,90.4,0.5,0.1,0.0,0.0,0,0.0,0.0
84,Anthony McFarland Jr.,PIT,RB,35.0,165.8,1.0,7.1,52.7,0.7,0.2,0.0,0.0,0,0.0,0.0
85,Zack Moss,BUF,RB,43.9,180.3,1.4,5.6,41.4,0.2,0.1,0.0,0.0,0,0.0,0.0
86,Craig Reynolds,DET,RB,31.7,171.7,1.1,7.6,55.3,0.2,0.2,0.0,0.0,0,0.0,0.0
87,Joshua Kelley,LAC,RB,45.0,177.0,1.3,6.8,46.0,0.2,0.6,0.0,0.0,0,0.0,0.0
88,Tyrion Davis-Price,SF,RB,34.8,159.9,1.4,6.6,45.9,0.2,0.2,0.0,0.0,0,0.0,0.0
89,Myles Gaskin,MIA,RB,34.3,168.8,1.0,10.9,68.6,0.2,0.5,0.0,0.0,0,0.0,0.0
90,Kyle Juszczyk,SF,RB,11.7,37.3,0.5,22.5,171.0,1.0,0.2,0.0,0.0,0,0.0,0.0
91,Chris Evans,CIN,RB,27.3,99.9,0.6,15.3,111.3,0.8,0.1,0.0,0.0,0,0.0,0.0
92,Benny Snell Jr.,PIT,RB,39.2,168.2,1.0,5.3,36.4,0.1,0.2,0.0,0.0,0,0.0,0.0
93,Giovani Bernard,TB,RB,16.1,100.2,0.6,11.0,82.9,0.6,0.2,0.0,0.0,0,0.0,0.0
94,Trey Sermon,PHI,RB,26.7,129.9,1.1,6.5,42.7,0.2,0.1,0.0,0.0,0,0.0,0.0
95,Travis Homer,SEA,RB,15.3,80.7,0.6,12.4,98.0,0.6,0.1,0.0,0.0,0,0.0,0.0
96,Deon Jackson,IND,RB,29.8,126.1,1.1,6.1,44.0,0.3,0.2,0.0,0.0,0,0.0,0.0
97,Kyren Williams,LAR,RB,18.6,120.0,1.3,5.6,43.9,0.1,0.2,0.0,0.0,0,0.0,0.0
98,Pierre Strong Jr.,NE,RB,13.1,114.3,1.1,5.9,43.0,0.2,0.2,0.0,0.0,0,0.0,0.0
99,Jaylen Warren,PIT,RB,29.5,134.0,1.0,5.1,32.5,0.1,0.2,0.0,0.0,0,0.0,0.0
100,Snoop Conner,JAC,RB,25.2,127.6,0.9,6.1,41.6,0.1,0.2,0.0,0.0,0,0.0,0.0
101,Brandon Bolden,LV,RB,19.0,75.8,0.5,12.5,104.0,0.3,0.1,0.0,0.0,0,0.0,0.0
102,Dare Ogunbowale,HOU,RB,12.6,91.7,0.6,10.3,82.2,0.3,0.1,0.0,0.0,0,0.0,0.0
103,Ty Johnson,NYJ,RB,9.1,88.2,0.6,9.2,82.2,0.4,0.3,0.0,0.0,0,0.0,0.0
104,Ty Montgomery,NE,RB,17.5,70.9,0.3,15.3,118.9,0.3,0.2,0.0,0.0,0,0.0,0.0
105,Qadree Ollison,DAL,RB,9.9,119.4,1.0,5.9,37.8,0.2,0.6,0.0,0.0,0,0.0,0.0
106,Royce Freeman,HOU,RB,22.4,120.1,0.7,6.2,42.0,0.2,0.0,0.0,0.0,0,0.0,0.0
107,DeeJay Dallas,SEA,RB,18.3,89.2,0.6,9.2,62.3,0.2,0.2,0.0,0.0,0,0.0,0.0
108,Gary Brightwell,NYG,RB,24.5,99.7,0.8,6.2,44.3,0.1,0.1,0.0,0.0,0,0.0,0.0
109,Patrick Taylor Jr.,GB,RB,0.0,112.8,1.0,3.0,20.4,0.1,0.3,0.0,0.0,0,0.0,0.0
110,Jermar Jefferson,DET,RB,23.7,98.5,0.6,5.0,34.0,0.1,0.0,0.0,0.0,0,0.0,0.0
111,Darrynton Evans,CHI,RB,21.9,94.8,0.6,4.8,35.1,0.1,0.0,0.0,0.0,0,0.0,0.0
112,Tony Jones Jr.,NO,RB,26.4,106.5,0.5,4.4,31.2,0.1,0.1,0.0,0.0,0,0.0,0.0
113,Jonathan Williams,WAS,RB,9.7,89.6,0.7,4.9,37.2,0.2,0.5,0.0,0.0,0,0.0,0.0
114,Trestan Ebner,CHI,RB,9.8,75.0,0.6,6.0,46.2,0.2,0.1,0.0,0.0,0,0.0,0.0
115,Jerome Ford,CLE,RB,8.5,74.4,0.6,5.1,36.1,0.2,0.1,0.0,0.0,0,0.0,0.0
116,Antonio Williams,NYG,RB,3.7,81.2,0.7,3.6,27.8,0.1,0.2,0.0,0.0,0,0.0,0.0
117,Kene Nwangwu,MIN,RB,21.4,82.8,0.6,3.8,23.8,0.1,0.1,0.0,0.0,0,0.0,0.0
118,Dwayne Washington,NO,RB,16.8,71.8,0.5,4.7,35.8,0.2,0.1,0.0,0.0,0,0.0,0.0
119,Ty Chandler,MIN,RB,16.0,76.4,0.3,6.6,43.5,0.1,0.1,0.0,0.0,0,0.0,0.0
120,Darwin Thompson,SEA,RB,0.0,75.6,0.6,3.8,28.8,0.2,0.1,0.0,0.0,0,0.0,0.0
121,Jordan Mason,SF,RB,13.9,72.3,0.6,3.9,23.3,0.1,0.1,0.0,0.0,0,0.0,0.0
122,Trenton Cannon,TEN,RB,10.4,41.2,0.2,7.7,57.4,0.3,0.0,0.0,0.0,0,0.0,0.0
123,Rico Dowdle,DAL,RB,16.0,64.9,0.4,4.4,34.7,0.2,0.1,0.0,0.0,0,0.0,0.0
124,Trayveon Williams,CIN,RB,4.4,77.1,0.5,3.8,21.6,0.1,0.5,0.0,0.0,0,0.0,0.0
125,Kylin Hill,GB,RB,13.0,50.0,0.0,9.0,67.0,0.0,0.0,0.0,0.0,0,0.0,0.0
126,Keaontay Ingram,ARI,RB,20.6,84.6,0.2,2.6,18.9,0.0,0.1,0.0,0.0,0,0.0,0.0
127,Keith Smith,ATL,RB,8.1,32.7,0.2,7.9,53.8,0.3,0.1,0.0,0.0,0,0.0,0.0
128,Demetric Felton Jr.,CLE,RB,0.0,19.5,0.1,8.6,73.3,0.2,0.1,0.0,0.0,0,0.0,0.0
129,C.J. Ham,MIN,RB,5.5,15.3,0.1,9.4,68.4,0.3,0.0,0.0,0.0,0,0.0,0.0
130,Mike Boone,DEN,RB,8.4,46.5,0.3,3.9,27.7,0.1,0.1,0.0,0.0,0,0.0,0.0
131,Duke Johnson Jr.,BUF,RB,18.0,73.0,0.0,4.0,33.0,-0.1,0.0,0.0,0.0,0,0.0,0.0
132,Justice Hill,BAL,RB,10.3,44.2,0.4,2.6,18.2,0.1,0.0,0.0,0.0,0,0.0,0.0
133,Alec Ingold,MIA,RB,4.3,14.9,0.1,6.5,48.1,0.3,0.0,0.0,0.0,0,0.0,0.0
134,Jake Funk,LAR,RB,6.9,41.2,0.3,3.0,21.5,0.1,0.1,0.0,0.0,0,0.0,0.0
135,JaMycal Hasty,JAC,RB,5.9,24.6,0.2,4.2,30.1,0.2,0.1,0.0,0.0,0,0.0,0.0
136,Michael Burton,KC,RB,5.8,23.7,0.3,3.5,25.2,0.2,0.0,0.0,0.0,0,0.0,0.0
137,Patrick Ricard,BAL,RB,2.6,7.9,0.1,6.4,43.9,0.3,0.0,0.0,0.0,0,0.0,0.0
138,Andrew Beck,DEN,RB,4.7,18.8,0.2,4.4,33.0,0.2,0.0,0.0,0.0,0,0.0,0.0
139,Jakob Johnson,LV,RB,4.0,16.5,0.2,4.4,32.6,0.3,0.1,0.0,0.0,0,0.0,0.0
140,Giovanni Ricci,CAR,RB,4.5,18.2,0.1,4.0,31.2,0.2,0.0,0.0,0.0,0,0.0,0.0
141,Julius Chestnut,TEN,RB,4.5,18.8,0.1,3.8,28.0,0.2,0.0,0.0,0.0,0,0.0,0.0
142,Derek Watt,PIT,RB,2.2,8.7,0.1,4.4,32.5,0.2,0.0,0.0,0.0,0,0.0,0.0
143,Jason Cabinda,DET,RB,3.0,12.5,0.1,3.6,26.6,0.2,0.0,0.0,0.0,0,0.0,0.0
144,Khari Blasingame,CHI,RB,2.4,9.8,0.1,3.8,29.2,0.2,0.0,0.0,0.0,0,0.0,0.0
145,Salvon Ahmed,MIA,RB,7.6,31.8,0.2,1.0,7.7,0.0,0.0,0.0,0.0,0,0.0,0.0
146,Trevon Wesco,CHI,RB,0.0,0.0,0.0,3.5,36.5,0.3,0.0,0.0,0.0,0,0.0,0.0
147,Adam Prentice,NO,RB,4.4,18.7,0.1,2.0,14.7,0.1,0.0,0.0,0.0,0,0.0,0.0
148,Reggie Gilliam,BUF,RB,0.0,0.0,0.0,4.4,32.5,0.2,0.0,0.0,0.0,0,0.0,0.0
149,Brittain Brown,LV,RB,3.8,15.6,0.1,2.1,15.4,0.1,0.0,0.0,0.0,0,0.0,0.0
150,Tory Carter,TEN,RB,0.0,0.0,0.0,3.9,28.4,0.2,0.0,0.0,0.0,0,0.0,0.0
151,Mekhi Sargent,JAC,RB,2.2,8.9,0.1,2.1,15.9,0.1,0.0,0.0,0.0,0,0.0,0.0
152,Zander Horvath,LAC,RB,4.4,18.4,0.2,0.0,0.0,0.0,0.0,0.0,0.0,0,0.0,0.0
153,Malcolm Brown,LAR,RB,0.0,0.0,0.0,0.0,0.0,0.0,0.0,0.0,0.0,0,0.0,0.0
154,Malik Davis,DAL,RB,0.0,0.0,0.0,0.0,0.0,0.0,0.0,0.0,0.0,0,0.0,0.0
155,Spencer Brown,BUF,RB,0.0,0.0,0.0,0.0,0.0,0.0,0.0,0.0,0.0,0,0.0,0.0
156,Jason Huntley,PIT,RB,0.0,0.0,0.0,0.0,0.0,0.0,0.0,0.0,0.0,0,0.0,0.0
157,Jaret Patterson,WAS,RB,0.0,0.0,0.0,0.0,0.0,0.0,0.0,0.0,0.0,0,0.0,0.0
158,Taiwan Jones,BUF,RB,0.0,0.0,0.0,0.0,0.0,0.0,0.0,0.0,0.0,0,0.0,0.0
159,Larry Rountree III,LAC,RB,0.0,0.0,0.0,0.0,0.0,0.0,0.0,0.0,0.0,0,0.0,0.0
160,John Lovett,MIA,RB,0.0,0.0,0.0,0.0,0.0,0.0,0.0,0.0,0.0,0,0.0,0.0
161,0,0,RB,0.0,0,0.0,0.0,0,0.0,0.0,0.0,0.0,0,0.0,0.0
162,0,0,RB,0.0,0,0.0,0.0,0,0.0,0.0,0.0,0.0,0,0.0,0.0
1,Cooper Kupp,LAR,WR,4.1,25.1,0.1,120.9,"1,560.6",12.1,0.4,0.0,0.0,0,0.0,0.0
2,Ja'Marr Chase,CIN,WR,8.1,52.5,0.2,92.2,"1,408.7",10.6,0.4,0.0,0.0,0,0.0,0.0
3,Justin Jefferson,MIN,WR,2.6,17.0,0.1,102.8,"1,471.9",9.6,0.3,0.0,0.0,0,0.0,0.0
4,Deebo Samuel,SF,WR,67.1,381.5,4.4,70.2,"1,014.7",6.4,0.6,0.0,0.0,0,0.0,0.0
5,Davante Adams,LV,WR,0.0,0.0,0.0,105.5,"1,302.4",9.8,0.2,0.0,0.0,0,0.0,0.0
6,Stefon Diggs,BUF,WR,0.0,0.0,0.0,100.5,"1,227.8",8.8,0.3,0.0,0.0,0,0.0,0.0
7,Tyreek Hill,MIA,WR,8.3,57.9,0.4,90.7,"1,168.0",8.4,0.3,0.0,0.0,0,0.0,0.0
8,Mike Evans,TB,WR,0.0,0.0,0.0,83.1,"1,140.1",10.0,0.2,0.0,0.0,0,0.0,0.0
9,CeeDee Lamb,DAL,WR,5.0,35.9,0.1,89.8,"1,215.9",7.7,0.2,0.0,0.0,0,0.0,0.0
10,Tee Higgins,CIN,WR,0.0,0.0,0.0,85.1,"1,177.9",8.0,0.3,0.0,0.0,0,0.0,0.0
11,A.J. Brown,PHI,WR,0.5,3.8,0.0,79.5,"1,143.4",8.2,0.2,0.0,0.0,0,0.0,0.0
12,Mike Williams,LAC,WR,0.0,0.0,0.0,74.6,"1,084.8",8.0,0.1,0.0,0.0,0,0.0,0.0
13,Michael Pittman Jr.,IND,WR,4.6,32.2,0.1,91.3,"1,125.3",6.7,0.3,0.0,0.0,0,0.0,0.0
14,Gabe Davis,BUF,WR,0.0,0.0,0.0,64.9,995.6,8.6,0.2,0.0,0.0,0,0.0,0.0
15,Brandin Cooks,HOU,WR,2.5,16.4,0.1,91.5,"1,109.1",6.1,0.2,0.0,0.0,0,0.0,0.0
16,DJ Moore,CAR,WR,5.5,38.3,0.1,84.7,"1,118.3",5.5,0.4,0.0,0.0,0,0.0,0.0
17,Keenan Allen,LAC,WR,0.2,1.5,0.0,97.1,"1,065.0",6.9,0.3,0.0,0.0,0,0.0,0.0
18,DK Metcalf,SEA,WR,0.2,1.3,0.0,80.0,"1,077.0",6.6,0.3,0.0,0.0,0,0.0,0.0
19,Diontae Johnson,PIT,WR,4.0,28.8,0.1,94.6,"1,053.0",5.7,0.4,0.0,0.0,0,0.0,0.0
20,Terry McLaurin,WAS,WR,0.3,2.5,0.0,78.0,"1,060.8",5.8,0.2,0.0,0.0,0,0.0,0.0
21,Courtland Sutton,DEN,WR,0.0,0.0,0.0,68.8,978.3,7.2,0.2,0.0,0.0,0,0.0,0.0
22,Amon-Ra St. Brown,DET,WR,6.5,42.0,0.2,88.8,976.2,6.2,0.3,0.0,0.0,0,0.0,0.0
23,Chris Godwin,TB,WR,1.8,9.8,0.1,84.4,972.2,6.9,0.4,0.0,0.0,0,0.0,0.0
24,Jerry Jeudy,DEN,WR,1.0,6.1,0.0,74.2,"1,015.8",6.0,0.4,0.0,0.0,0,0.0,0.0
25,Darnell Mooney,CHI,WR,4.7,25.4,0.1,79.2,"1,046.2",4.8,0.2,0.0,0.0,0,0.0,0.0
26,Jaylen Waddle,MIA,WR,3.6,22.9,0.2,86.0,976.2,5.9,0.4,0.0,0.0,0,0.0,0.0
27,Tyler Lockett,SEA,WR,2.1,13.3,0.1,75.2,999.8,5.7,0.2,0.0,0.0,0,0.0,0.0
28,Marquise Brown,ARI,WR,2.2,14.9,0.1,76.5,991.3,5.8,0.4,0.0,0.0,0,0.0,0.0
29,Elijah Moore,NYJ,WR,5.7,40.5,0.1,73.4,943.2,5.8,0.3,0.0,0.0,0,0.0,0.0
30,Michael Thomas,NO,WR,0.0,0.0,0.0,83.2,951.2,6.3,0.2,0.0,0.0,0,0.0,0.0
31,Hunter Renfrow,LV,WR,1.0,5.8,0.0,84.9,907.5,6.3,0.5,0.0,0.0,0,0.0,0.0
32,Amari Cooper,CLE,WR,0.0,0.0,0.0,75.7,944.3,5.6,0.3,0.0,0.0,0,0.0,0.0
33,Allen Robinson II,LAR,WR,0.0,0.0,0.0,75.2,901.0,6.1,0.2,0.0,0.0,0,0.0,0.0
34,JuJu Smith-Schuster,KC,WR,1.6,9.4,0.1,76.9,843.3,6.9,0.3,0.0,0.0,0,0.0,0.0
35,Adam Thielen,MIN,WR,0.0,0.0,0.0,73.3,838.8,7.2,0.3,0.0,0.0,0,0.0,0.0
36,Robert Woods,TEN,WR,5.6,36.5,0.3,73.9,893.5,5.0,0.2,0.0,0.0,0,0.0,0.0
37,Rashod Bateman,BAL,WR,0.2,2.8,0.0,73.5,909.2,5.2,0.3,0.0,0.0,0,0.0,0.0
38,Christian Kirk,JAC,WR,0.5,2.8,0.0,72.9,901.0,4.7,0.2,0.0,0.0,0,0.0,0.0
39,Brandon Aiyuk,SF,WR,2.3,15.6,0.0,62.1,832.3,5.6,0.3,0.0,0.0,0,0.0,0.0
40,DeVonta Smith,PHI,WR,0.0,0.0,0.0,63.1,855.7,5.4,0.2,0.0,0.0,0,0.0,0.0
41,Chase Claypool,PIT,WR,7.0,44.6,0.3,63.3,837.8,4.7,0.3,0.0,0.0,0,0.0,0.0
42,Drake London,ATL,WR,0.3,2.3,0.0,67.8,871.8,4.9,0.2,0.0,0.0,0,0.0,0.0
43,Allen Lazard,GB,WR,1.0,6.7,0.0,57.7,776.2,6.2,0.2,0.0,0.0,0,0.0,0.0
44,Treylon Burks,TEN,WR,4.3,28.3,0.3,56.5,795.9,4.9,0.2,0.0,0.0,0,0.0,0.0
45,DeAndre Hopkins,ARI,WR,0.0,0.0,0.0,62.4,784.1,5.3,0.4,0.0,0.0,0,0.0,0.0
46,Mecole Hardman,KC,WR,8.0,55.0,0.3,57.8,729.8,4.9,0.5,0.0,0.0,0,0.0,0.0
47,Marquez Valdes-Scantling,KC,WR,0.4,2.7,0.0,47.4,770.4,5.1,0.1,0.0,0.0,0,0.0,0.0
48,Kadarius Toney,NYG,WR,7.0,48.3,0.2,64.0,752.9,4.3,0.3,0.0,0.0,0,0.0,0.0
49,Jakobi Meyers,NE,WR,0.2,1.3,0.0,73.5,839.8,3.8,0.2,0.0,0.0,0,0.0,0.0
50,Michael Gallup,DAL,WR,2.6,17.8,0.0,50.7,709.7,4.8,0.1,0.0,0.0,0,0.0,0.0
51,Kenny Golladay,NYG,WR,0.0,0.0,0.0,52.4,745.6,4.5,0.2,0.0,0.0,0,0.0,0.0
52,DeVante Parker,NE,WR,0.0,0.0,0.0,56.5,730.0,4.5,0.2,0.0,0.0,0,0.0,0.0
53,Tyler Boyd,CIN,WR,2.6,17.8,0.0,62.3,727.2,4.2,0.2,0.0,0.0,0,0.0,0.0
54,Chris Olave,NO,WR,0.0,0.0,0.0,51.3,716.4,4.5,0.2,0.0,0.0,0,0.0,0.0
55,Jarvis Landry,NO,WR,2.2,13.1,0.1,57.8,702.2,4.2,0.3,0.0,0.0,0,0.0,0.0
56,Russell Gage,TB,WR,0.0,0.0,0.0,59.0,682.9,4.7,0.3,0.0,0.0,0,0.0,0.0
57,Marvin Jones Jr.,JAC,WR,0.0,0.0,0.0,56.0,687.5,4.5,0.1,0.0,0.0,0,0.0,0.0
58,D.J. Chark Jr.,DET,WR,0.0,0.0,0.0,48.6,687.3,4.4,0.1,0.0,0.0,0,0.0,0.0
59,Nico Collins,HOU,WR,0.0,0.0,0.0,55.2,718.6,3.8,0.2,0.0,0.0,0,0.0,0.0
60,Robbie Anderson,CAR,WR,3.8,24.7,0.1,54.9,657.1,4.2,0.2,0.0,0.0,0,0.0,0.0
61,Garrett Wilson,NYJ,WR,1.7,13.8,0.0,53.1,688.6,3.8,0.2,0.0,0.0,0,0.0,0.0
62,Corey Davis,NYJ,WR,0.0,0.0,0.0,48.4,680.0,4.1,0.2,0.0,0.0,0,0.0,0.0
63,Jahan Dotson,WAS,WR,0.0,0.0,0.0,52.4,673.2,3.7,0.2,0.0,0.0,0,0.0,0.0
64,George Pickens,PIT,WR,0.0,0.0,0.0,53.7,663.4,3.7,0.2,0.0,0.0,0,0.0,0.0
65,Van Jefferson,LAR,WR,1.8,12.7,0.1,45.8,618.5,4.0,0.2,0.0,0.0,0,0.0,0.0
66,Curtis Samuel,WAS,WR,15.6,89.8,0.8,44.1,513.3,3.5,0.2,0.0,0.0,0,0.0,0.0
67,Jalen Tolbert,DAL,WR,0.0,0.0,0.0,46.6,601.6,4.1,0.2,0.0,0.0,0,0.0,0.0
68,Donovan Peoples-Jones,CLE,WR,0.0,0.0,0.0,43.3,620.9,3.4,0.2,0.0,0.0,0,0.0,0.0
69,Parris Campbell,IND,WR,0.5,3.3,0.0,49.1,598.1,3.7,0.1,0.0,0.0,0,0.0,0.0
70,Rondale Moore,ARI,WR,16.5,103.0,0.8,51.6,513.2,2.6,0.4,0.0,0.0,0,0.0,0.0
71,Julio Jones,TB,WR,0.0,0.0,0.0,43.8,584.0,3.8,0.2,0.0,0.0,0,0.0,0.0
72,Joshua Palmer,LAC,WR,0.0,0.0,0.0,46.9,550.8,4.3,0.2,0.0,0.0,0,0.0,0.0
73,K.J. Hamler,DEN,WR,2.6,19.8,0.0,44.1,578.4,3.4,0.2,0.0,0.0,0,0.0,0.0
74,Skyy Moore,KC,WR,1.0,6.8,0.0,41.2,543.1,4.0,0.1,0.0,0.0,0,0.0,0.0
75,Alec Pierce,IND,WR,0.0,0.0,0.0,41.2,559.5,3.7,0.2,0.0,0.0,0,0.0,0.0
76,Sterling Shepard,NYG,WR,0.0,0.0,0.0,54.5,584.5,3.1,0.2,0.0,0.0,0,0.0,0.0
77,Randall Cobb,GB,WR,0.5,3.0,0.0,42.0,534.1,3.8,0.2,0.0,0.0,0,0.0,0.0
78,K.J. Osborn,MIN,WR,0.0,0.0,0.0,40.8,506.7,3.7,0.1,0.0,0.0,0,0.0,0.0
79,Kendrick Bourne,NE,WR,5.6,36.7,0.1,38.4,475.0,3.3,0.2,0.0,0.0,0,0.0,0.0
80,Zay Jones,JAC,WR,0.0,0.0,0.0,42.3,510.4,3.1,0.2,0.0,0.0,0,0.0,0.0
81,A.J. Green,ARI,WR,0.0,0.0,0.0,35.9,511.3,2.8,0.1,0.0,0.0,0,0.0,0.0
82,Nick Westbrook-Ikhine,TEN,WR,0.0,0.0,0.0,38.9,484.0,3.3,0.2,0.0,0.0,0,0.0,0.0
83,Bryan Edwards,ATL,WR,0.3,1.8,0.0,35.7,519.7,2.5,0.1,0.0,0.0,0,0.0,0.0
84,Cedrick Wilson Jr.,MIA,WR,0.0,0.0,0.0,39.9,482.5,3.2,0.3,0.0,0.0,0,0.0,0.0
85,Wan'Dale Robinson,NYG,WR,6.7,39.3,0.1,40.0,456.7,2.5,0.2,0.0,0.0,0,0.0,0.0
86,Isaiah McKenzie,BUF,WR,6.8,40.3,0.3,41.5,417.3,3.0,0.3,0.0,0.0,0,0.0,0.0
87,Romeo Doubs,GB,WR,0.0,0.0,0.0,34.6,445.7,3.3,0.1,0.0,0.0,0,0.0,0.0
88,Devin Duvernay,BAL,WR,4.9,33.8,0.1,39.4,445.6,2.3,0.2,0.0,0.0,0,0.0,0.0
89,Christian Watson,GB,WR,1.3,8.2,0.1,31.6,403.5,3.2,0.1,0.0,0.0,0,0.0,0.0
90,Jameson Williams,DET,WR,0.0,0.0,0.0,32.3,440.6,2.7,0.2,0.0,0.0,0,0.0,0.0
91,Byron Pringle,CHI,WR,0.0,0.0,0.0,34.8,446.7,2.5,0.2,0.0,0.0,0,0.0,0.0
92,James Washington,DAL,WR,0.0,0.0,0.0,28.0,405.5,3.0,0.1,0.0,0.0,0,0.0,0.0
93,Sammy Watkins,GB,WR,0.5,3.2,0.0,32.3,417.6,2.6,0.1,0.0,0.0,0,0.0,0.0
94,Jamison Crowder,BUF,WR,2.5,16.3,0.3,37.0,390.7,2.5,0.1,0.0,0.0,0,0.0,0.0
95,Nelson Agholor,NE,WR,1.1,6.6,0.1,28.7,400.2,2.2,0.1,0.0,0.0,0,0.0,0.0
96,Velus Jones Jr.,CHI,WR,1.0,6.3,0.0,29.9,385.3,2.2,0.2,0.0,0.0,0,0.0,0.0
97,Freddie Swain,MIA,WR,0.0,0.0,0.0,29.5,374.3,2.4,0.0,0.0,0.0,0,0.0,0.0
98,Quez Watkins,PHI,WR,0.0,0.0,0.0,28.4,391.5,2.1,0.1,0.0,0.0,0,0.0,0.0
99,David Bell,CLE,WR,1.0,7.8,0.0,32.2,380.4,2.1,0.1,0.0,0.0,0,0.0,0.0
100,Olamide Zaccheaus,ATL,WR,0.3,1.5,0.0,28.8,373.4,1.9,0.1,0.0,0.0,0,0.0,0.0
101,Laviska Shenault Jr.,CAR,WR,6.6,34.9,0.1,29.9,313.5,2.0,0.1,0.0,0.0,0,0.0,0.0
102,Jauan Jennings,SF,WR,0.0,0.0,0.0,28.0,324.3,2.2,0.1,0.0,0.0,0,0.0,0.0
103,Braxton Berrios,NYJ,WR,3.0,18.7,0.1,32.7,327.4,1.6,0.2,0.0,0.0,0,0.0,0.0
104,Dee Eskridge,SEA,WR,4.4,28.8,0.1,24.8,314.8,1.6,0.2,0.0,0.0,0,0.0,0.0
105,Keelan Cole Sr.,LV,WR,0.0,0.0,0.0,24.1,323.9,2.0,0.0,0.0,0.0,0,0.0,0.0
106,Ty Montgomery,NE,WR,29.1,170.4,1.4,14.8,133.1,0.8,0.0,0.0,0.0,0,0.0,0.0
107,Chris Conley,HOU,WR,0.0,0.0,0.0,24.5,297.2,2.0,0.0,0.0,0.0,0,0.0,0.0
108,Jalen Guyton,LAC,WR,3.7,24.6,0.1,19.5,277.9,1.8,0.1,0.0,0.0,0,0.0,0.0
109,Josh Reynolds,DET,WR,0.0,0.0,0.0,22.2,300.7,1.9,0.1,0.0,0.0,0,0.0,0.0
110,Terrace Marshall Jr.,CAR,WR,0.0,0.0,0.0,23.7,293.6,1.9,0.1,0.0,0.0,0,0.0,0.0
111,James Proche II,BAL,WR,0.0,0.0,0.0,23.3,284.3,1.6,0.1,0.0,0.0,0,0.0,0.0
112,Mack Hollins,LV,WR,0.2,0.0,0.0,19.8,258.0,2.0,0.1,0.0,0.0,0,0.0,0.0
113,Phillip Dorsett II,HOU,WR,0.0,0.0,0.0,22.7,285.3,1.5,0.1,0.0,0.0,0,0.0,0.0
114,Jamal Agnew,JAC,WR,8.3,57.7,0.4,16.3,188.1,1.0,0.1,0.0,0.0,0,0.0,0.0
115,Amari Rodgers,GB,WR,1.1,6.0,0.0,17.7,221.9,1.3,0.0,0.0,0.0,0,0.0,0.0
116,Noah Brown,DAL,WR,0.0,0.0,0.0,17.3,212.2,1.4,0.1,0.0,0.0,0,0.0,0.0
117,Rashard Higgins,CAR,WR,0.3,2.7,0.0,17.2,223.0,1.2,0.2,0.0,0.0,0,0.0,0.0
118,Tyler Johnson,HOU,WR,0.0,0.0,0.0,19.9,216.5,1.2,0.1,0.0,0.0,0,0.0,0.0
119,Ben Skowronek,LAR,WR,0.0,0.0,0.0,16.2,198.1,1.4,0.0,0.0,0.0,0,0.0,0.0
120,Jaylon Moore,JAC,WR,0.0,0.0,0.0,16.8,202.8,1.3,0.0,0.0,0.0,0,0.0,0.0
121,Chris Moore,HOU,WR,0.0,0.0,0.0,19.8,216.3,1.1,0.1,0.0,0.0,0,0.0,0.0
122,Demarcus Robinson,BAL,WR,0.0,0.0,0.0,16.3,198.0,1.2,0.0,0.0,0.0,0,0.0,0.0
123,Dez Fitzpatrick,TEN,WR,0.0,0.0,0.0,13.9,207.3,0.9,0.0,0.0,0.0,0,0.0,0.0
124,Marquise Goodwin,SEA,WR,0.7,3.8,0.0,15.0,189.2,1.0,0.1,0.0,0.0,0,0.0,0.0
125,Laquon Treadwell,NE,WR,0.0,0.0,0.0,12.7,186.2,1.1,0.0,0.0,0.0,0,0.0,0.0
126,Equanimeous St. Brown,CHI,WR,0.0,0.0,0.0,13.5,197.1,0.9,0.1,0.0,0.0,0,0.0,0.0
127,Keke Coutee,IND,WR,0.0,0.0,0.0,12.3,184.3,1.1,0.0,0.0,0.0,0,0.0,0.0
128,Kyle Philips,TEN,WR,0.0,0.0,0.0,15.3,188.3,1.0,0.1,0.0,0.0,0,0.0,0.0
129,Cody Hollister,TEN,WR,0.0,0.0,0.0,14.5,171.1,1.2,0.0,0.0,0.0,0,0.0,0.0
130,Marquez Callaway,NO,WR,0.0,0.0,0.0,11.6,175.8,1.0,0.0,0.0,0.0,0,0.0,0.0
131,Tutu Atwell,LAR,WR,0.0,0.0,0.0,13.6,169.8,1.2,0.2,0.0,0.0,0,0.0,0.0
132,Anthony Schwartz,CLE,WR,1.1,6.8,0.0,12.6,166.5,1.0,0.1,0.0,0.0,0,0.0,0.0
133,Zach Pascal,PHI,WR,0.3,1.8,0.0,12.8,161.6,1.2,0.0,0.0,0.0,0,0.0,0.0
134,Montrell Washington,DEN,WR,0.0,0.0,0.0,12.6,166.9,1.1,0.0,0.0,0.0,0,0.0,0.0
135,Damiere Byrd,ATL,WR,0.0,0.0,0.0,14.9,177.0,0.9,0.0,0.0,0.0,0,0.0,0.0
136,Kalif Raymond,DET,WR,0.9,5.2,0.0,13.4,162.0,1.1,0.1,0.0,0.0,0,0.0,0.0
137,Trent Sherfield,MIA,WR,0.0,0.0,0.0,14.2,169.5,1.1,0.1,0.0,0.0,0,0.0,0.0
138,Auden Tate,PHI,WR,0.0,0.0,0.0,13.0,170.0,1.0,0.0,0.0,0.0,0,0.0,0.0
139,Dyami Brown,WAS,WR,0.0,0.0,0.0,11.2,174.6,0.8,0.0,0.0,0.0,0,0.0,0.0
140,Jalen Reagor,MIN,WR,1.0,5.7,0.0,12.9,141.5,0.9,0.1,0.0,0.0,0,0.0,0.0
141,DJ Turner,LV,WR,0.0,0.0,0.0,12.1,145.0,1.0,0.0,0.0,0.0,0,0.0,0.0
142,Calvin Austin III,PIT,WR,0.0,0.0,0.0,13.9,162.6,0.7,0.1,0.0,0.0,0,0.0,0.0
143,Lynn Bowden Jr.,NE,WR,0.0,0.0,0.0,14.3,151.1,0.7,0.0,0.0,0.0,0,0.0,0.0
144,Deonte Harty,NO,WR,4.3,30.0,0.1,8.1,112.3,0.8,0.1,0.0,0.0,0,0.0,0.0
145,Antoine Wesley,ARI,WR,0.0,0.0,0.0,11.1,137.4,0.9,0.0,0.0,0.0,0,0.0,0.0
146,Ray-Ray McCloud,SF,WR,0.0,0.0,0.0,12.3,141.6,0.8,0.0,0.0,0.0,0,0.0,0.0
147,Quintez Cephus,DET,WR,0.0,0.0,0.0,9.8,134.7,0.8,0.0,0.0,0.0,0,0.0,0.0
148,Richie James Jr.,NYG,WR,0.0,0.0,0.0,8.7,138.4,0.7,0.0,0.0,0.0,0,0.0,0.0
149,Erik Ezukanma,MIA,WR,0.0,0.0,0.0,9.7,132.6,0.8,0.0,0.0,0.0,0,0.0,0.0
150,Tyrie Cleveland,DEN,WR,0.0,0.0,0.0,10.3,125.6,0.9,0.1,0.0,0.0,0,0.0,0.0
151,Demetric Felton Jr.,CLE,WR,4.4,24.5,0.1,10.3,109.1,0.6,0.1,0.0,0.0,0,0.0,0.0
152,Cam Sims,WAS,WR,0.0,0.0,0.0,9.5,131.2,0.8,0.0,0.0,0.0,0,0.0,0.0
153,Dareke Young,SEA,WR,0.0,0.0,0.0,11.1,132.6,0.7,0.0,0.0,0.0,0,0.0,0.0
154,Tylan Wallace,BAL,WR,0.0,0.0,0.0,9.9,129.0,0.8,0.0,0.0,0.0,0,0.0,0.0
155,Simi Fehoko,DAL,WR,0.0,0.0,0.0,9.7,120.2,0.8,0.1,0.0,0.0,0,0.0,0.0
156,Ashton Dulin,IND,WR,1.1,7.2,0.0,8.9,117.3,0.7,0.1,0.0,0.0,0,0.0,0.0
157,Khalil Shakir,BUF,WR,0.7,4.0,0.0,9.4,114.0,0.8,0.0,0.0,0.0,0,0.0,0.0
158,Kristian Wilkerson,NE,WR,0.0,0.0,0.0,10.2,117.2,0.8,0.0,0.0,0.0,0,0.0,0.0
159,Jalen Nailor,MIN,WR,0.0,0.0,0.0,9.7,114.4,0.8,0.0,0.0,0.0,0,0.0,0.0
160,KhaDarel Hodge,ATL,WR,0.0,0.0,0.0,8.1,113.0,0.6,0.0,0.0,0.0,0,0.0,0.0
161,Breshad Perriman,TB,WR,0.0,0.0,0.0,7.0,102.2,0.7,0.0,0.0,0.0,0,0.0,0.0
162,Tyquan Thornton,NE,WR,0.0,0.0,0.0,8.8,102.1,0.7,0.1,0.0,0.0,0,0.0,0.0
163,Ihmir Smith-Marsette,CHI,WR,0.0,0.0,0.0,8.3,115.1,0.4,0.0,0.0,0.0,0,0.0,0.0
164,Darius Slayton,NYG,WR,0.0,0.0,0.0,8.9,114.2,0.5,0.0,0.0,0.0,0,0.0,0.0
165,Danny Gray,SF,WR,0.0,0.0,0.0,8.7,107.3,0.6,0.0,0.0,0.0,0,0.0,0.0
166,Shi Smith,CAR,WR,0.0,0.0,0.0,8.5,107.1,0.5,0.1,0.0,0.0,0,0.0,0.0
167,Penny Hart,SEA,WR,0.0,0.0,0.0,9.6,103.9,0.6,0.0,0.0,0.0,0,0.0,0.0
168,Juwan Johnson,NO,WR,0.0,0.0,0.0,9.7,95.6,0.7,0.0,0.0,0.0,0,0.0,0.0
169,Jason Moore Jr.,LAC,WR,0.0,0.0,0.0,7.7,95.2,0.7,0.0,0.0,0.0,0,0.0,0.0
170,Bo Melton,SEA,WR,0.0,0.0,0.0,8.1,100.8,0.5,0.0,0.0,0.0,0,0.0,0.0
171,Seth Williams,JAC,WR,0.0,0.0,0.0,7.4,88.0,0.6,0.0,0.0,0.0,0,0.0,0.0
172,Samori Toure,GB,WR,0.0,0.0,0.0,6.8,80.9,0.7,0.0,0.0,0.0,0,0.0,0.0
173,Scotty Miller,TB,WR,0.0,0.0,0.0,6.9,86.4,0.6,0.0,0.0,0.0,0,0.0,0.0
174,Tim Jones,JAC,WR,0.0,0.0,0.0,7.5,91.6,0.5,0.0,0.0,0.0,0,0.0,0.0
175,KaVontae Turpin,DAL,WR,4.4,26.6,0.2,4.4,57.1,0.4,0.0,0.0,0.0,0,0.0,0.0
176,Mike Strachan,IND,WR,0.0,0.0,0.0,6.7,79.0,0.5,0.0,0.0,0.0,0,0.0,0.0
177,Dezmon Patmon,IND,WR,0.0,0.0,0.0,6.0,74.1,0.6,0.0,0.0,0.0,0,0.0,0.0
178,Mason Kinsey,TEN,WR,0.0,0.0,0.0,6.4,77.1,0.5,0.0,0.0,0.0,0,0.0,0.0
179,Jeff Smith,NYJ,WR,0.0,0.0,0.0,5.9,84.2,0.4,0.0,0.0,0.0,0,0.0,0.0
180,Trent Taylor,CIN,WR,0.0,0.0,0.0,6.9,73.1,0.6,0.0,0.0,0.0,0,0.0,0.0
181,Denzel Mims,NYJ,WR,0.0,0.0,0.0,6.1,83.2,0.4,0.0,0.0,0.0,0,0.0,0.0
182,Tre Nixon,NE,WR,0.0,0.0,0.0,6.2,80.1,0.5,0.0,0.0,0.0,0,0.0,0.0
183,Kendall Hinton,DEN,WR,0.0,0.0,0.0,5.4,77.4,0.5,0.0,0.0,0.0,0,0.0,0.0
184,Racey McMath,TEN,WR,0.0,0.0,0.0,6.4,76.4,0.5,0.1,0.0,0.0,0,0.0,0.0
185,Justin Watson,KC,WR,0.0,0.0,0.0,6.1,68.1,0.6,0.1,0.0,0.0,0,0.0,0.0
186,Tyron Johnson,LV,WR,0.0,0.0,0.0,6.0,77.1,0.5,0.1,0.0,0.0,0,0.0,0.0
187,Miles Boykin,PIT,WR,0.0,0.0,0.0,5.9,76.5,0.4,0.0,0.0,0.0,0,0.0,0.0
188,Nsimba Webster,CHI,WR,0.0,0.0,0.0,5.9,76.6,0.4,0.0,0.0,0.0,0,0.0,0.0
189,Andre Roberts,CAR,WR,0.0,0.0,0.0,5.8,72.9,0.4,0.0,0.0,0.0,0,0.0,0.0
190,DeAndre Carter,LAC,WR,0.0,0.0,0.0,5.9,69.9,0.5,0.1,0.0,0.0,0,0.0,0.0
191,Jalen Virgil,DEN,WR,0.0,0.0,0.0,5.3,60.8,0.5,0.0,0.0,0.0,0,0.0,0.0
192,Tre'Quan Smith,NO,WR,0.0,0.0,0.0,5.9,60.8,0.5,0.0,0.0,0.0,0,0.0,0.0
193,David Sills V,NYG,WR,0.0,0.0,0.0,5.8,67.8,0.3,0.1,0.0,0.0,0,0.0,0.0
194,Javon Wims,ARI,WR,0.0,0.0,0.0,5.9,59.2,0.3,0.0,0.0,0.0,0,0.0,0.0
195,Greg Dortch,ARI,WR,0.0,0.0,0.0,4.4,60.7,0.3,0.0,0.0,0.0,0,0.0,0.0
196,Stanley Morgan Jr.,CIN,WR,0.0,0.0,0.0,5.1,57.0,0.3,0.0,0.0,0.0,0,0.0,0.0
197,C.J. Board,ARI,WR,0.0,0.0,0.0,3.5,54.2,0.3,0.0,0.0,0.0,0,0.0,0.0
198,Cameron Batson,ATL,WR,0.0,0.0,0.0,4.8,52.5,0.3,0.0,0.0,0.0,0,0.0,0.0
199,Cody Thompson,SEA,WR,0.0,0.0,0.0,4.8,52.3,0.3,0.0,0.0,0.0,0,0.0,0.0
200,Mike Thomas,CIN,WR,0.0,0.0,0.0,5.0,54.2,0.3,0.0,0.0,0.0,0,0.0,0.0
201,Travis Fulgham,GB,WR,0.0,0.0,0.0,3.5,44.1,0.3,0.0,0.0,0.0,0,0.0,0.0
202,Marquez Stevenson,BUF,WR,0.0,0.0,0.0,3.5,41.1,0.3,0.0,0.0,0.0,0,0.0,0.0
203,Trenton Irwin,CIN,WR,0.0,0.0,0.0,3.5,39.7,0.3,0.0,0.0,0.0,0,0.0,0.0
204,Andy Isabella,ARI,WR,0.0,0.0,0.0,3.4,42.4,0.3,0.0,0.0,0.0,0,0.0,0.0
205,Malik Turner,SF,WR,0.0,0.0,0.0,3.1,35.3,0.3,0.0,0.0,0.0,0,0.0,0.0
206,N'Keal Harry,CHI,WR,0.0,0.0,0.0,3.6,45.5,0.2,0.0,0.0,0.0,0,0.0,0.0
207,Willie Snead IV,SF,WR,0.0,0.0,0.0,3.4,41.5,0.2,0.0,0.0,0.0,0,0.0,0.0
208,River Cracraft,MIA,WR,0.0,0.0,0.0,3.5,38.8,0.2,0.0,0.0,0.0,0,0.0,0.0
209,Dennis Houston,DAL,WR,0.0,0.0,0.0,5.0,52.0,0.0,0.0,0.0,0.0,0,0.0,0.0
210,Dante Pettis,CHI,WR,0.0,0.0,0.0,2.9,38.8,0.2,0.0,0.0,0.0,0,0.0,0.0
211,Gunner Olszewski,PIT,WR,0.0,0.0,0.0,2.9,36.3,0.2,0.0,0.0,0.0,0,0.0,0.0
212,Isaiah Coulter,CHI,WR,0.0,0.0,0.0,3.0,38.6,0.2,0.0,0.0,0.0,0,0.0,0.0
213,Jaelon Darden,TB,WR,0.0,0.0,0.0,2.9,32.8,0.3,0.0,0.0,0.0,0,0.0,0.0
214,Jake Kumerow,BUF,WR,0.0,0.0,0.0,2.6,32.8,0.3,0.0,0.0,0.0,0,0.0,0.0
215,Jared Bernhardt,ATL,WR,0.0,0.0,0.0,3.2,35.5,0.2,0.0,0.0,0.0,0,0.0,0.0
216,Dax Milne,WAS,WR,0.0,0.0,0.0,2.5,28.7,0.2,0.0,0.0,0.0,0,0.0,0.0
217,Steven Sims Jr.,PIT,WR,0.0,0.0,0.0,2.7,27.8,0.2,0.0,0.0,0.0,0,0.0,0.0
218,Frank Darby,ATL,WR,0.0,0.0,0.0,2.3,26.9,0.2,0.0,0.0,0.0,0,0.0,0.0
219,Brandon Powell,LAR,WR,0.0,0.0,0.0,2.0,22.7,0.2,0.0,0.0,0.0,0,0.0,0.0
220,Lance McCutcheon,LAR,WR,0.0,0.0,0.0,1.8,20.8,0.2,0.0,0.0,0.0,0,0.0,0.0
221,Vyncint Smith,DEN,WR,0.0,0.0,0.0,0.0,0.0,0.0,0.0,0.0,0.0,0,0.0,0.0
222,Slade Bolden,BAL,WR,0.0,0.0,0.0,0.0,0.0,0.0,0.0,0.0,0.0,0,0.0,0.0
223,Kawaan Baker,NO,WR,0.0,0.0,0.0,0.0,0.0,0.0,0.0,0.0,0.0,0,0.0,0.0
224,Corey Coleman,KC,WR,0.0,0.0,0.0,0.0,0.0,0.0,0.0,0.0,0.0,0,0.0,0.0
225,Kirk Merritt,NO,WR,0.0,0.0,0.0,0.0,0.0,0.0,0.0,0.0,0.0,0,0.0,0.0
226,C.J. Saunders,CAR,WR,0.0,0.0,0.0,0.0,0.0,0.0,0.0,0.0,0.0,0,0.0,0.0
227,Alex Erickson,WAS,WR,0.0,0.0,0.0,0.0,0.0,0.0,0.0,0.0,0.0,0,0.0,0.0
228,Lawrence Cager,NYJ,WR,0.0,0.0,0.0,0.0,0.0,0.0,0.0,0.0,0.0,0,0.0,0.0
229,Daurice Fountain,KC,WR,0.0,0.0,0.0,0.0,0.0,0.0,0.0,0.0,0.0,0,0.0,0.0
230,Josh Gordon,TEN,WR,0.0,0.0,0.0,0.0,0.0,0.0,0.0,0.0,0.0,0,0.0,0.0
231,Dan Chisena,MIN,WR,0.0,0.0,0.0,0.0,0.0,0.0,0.0,0.0,0.0,0,0.0,0.0
232,0,0,WR,0.0,0,0.0,0.0,0,0.0,0.0,0.0,0.0,0,0.0,0.0
233,0,0,WR,0.0,0,0.0,0.0,0,0.0,0.0,0.0,0.0,0,0.0,0.0
1,Josh Allen,BUF,QB,117.3,663.5,6.8,0.0,0,0.0,3.8,607.4,390.1,"4,404.9",34.6,13.9
2,Patrick Mahomes II,KC,QB,66.5,359.6,2.8,0.0,0,0.0,2.8,634.2,417.8,"4,842.0",36.0,11.7
3,Justin Herbert,LAC,QB,63.9,294.6,3.2,0.0,0,0.0,1.4,625.3,415.3,"4,682.0",34.0,13.3
4,Lamar Jackson,BAL,QB,158.7,956.1,4.9,0.0,0,0.0,3.5,520.5,336.7,"3,733.0",24.5,13.2
5,Kyler Murray,ARI,QB,107.3,552.0,5.5,0.0,0,0.0,2.3,570.5,383.9,"4,254.6",27.3,12.4
6,Jalen Hurts,PHI,QB,144.6,772.9,7.9,0.0,0,0.0,2.9,494.8,307.1,"3,644.7",24.4,12.6
7,Tom Brady,TB,QB,27.9,45.7,1.7,0.0,0,0.0,2.4,652.0,433.5,"4,841.8",36.3,11.9
8,Dak Prescott,DAL,QB,55.8,230.6,2.9,0.0,0,0.0,4.1,593.6,399.3,"4,545.3",32.7,11.7
9,Joe Burrow,CIN,QB,46.6,187.4,2.2,0.0,0,0.0,1.8,570.3,386.6,"4,576.1",31.3,12.8
10,Aaron Rodgers,GB,QB,38.7,136.2,1.8,0.0,0,0.0,1.6,558.2,376.6,"4,322.7",32.7,7.1
11,Matthew Stafford,LAR,QB,33.3,99.2,1.2,0.0,0,0.0,2.4,586.7,392.1,"4,586.4",33.5,13.9
12,Trey Lance,SF,QB,126.2,644.4,5.2,0.0,0,0.0,2.6,468.3,292.7,"3,558.4",23.7,12.7
13,Russell Wilson,DEN,QB,62.7,278.8,2.1,0.0,0,0.0,2.3,540.3,356.1,"4,109.3",29.1,9.6
14,Kirk Cousins,MIN,QB,29.2,107.1,1.0,0.0,0,0.0,2.9,573.9,378.9,"4,347.0",31.2,11.4
15,Derek Carr,LV,QB,38.5,130.0,1.2,0.0,0,0.0,3.6,596.8,399.3,"4,498.3",29.0,12.7
16,Tua Tagovailoa,MIA,QB,56.0,206.0,3.0,0.0,0,0.0,2.4,575.2,379.6,"4,031.2",25.7,13.3
17,Ryan Tannehill,TEN,QB,55.0,253.6,3.9,0.0,0,0.0,2.6,516.7,340.9,"3,755.3",24.2,13.2
18,Trevor Lawrence,JAC,QB,70.6,328.6,2.4,0.0,0,0.0,3.0,585.3,370.3,"3,942.8",22.5,14.0
19,Justin Fields,CHI,QB,107.3,593.4,3.7,0.0,0,0.0,5.0,504.7,311.6,"3,468.0",18.6,14.5
20,Matt Ryan,IND,QB,35.9,125.5,1.4,0.0,0,0.0,3.6,539.1,352.7,"3,937.0",25.9,11.4
21,Daniel Jones,NYG,QB,81.2,424.3,2.7,0.0,0,0.0,4.7,537.2,336.6,"3,613.1",20.6,12.5
22,Jameis Winston,NO,QB,53.8,273.7,1.7,0.0,0,0.0,2.8,486.7,305.1,"3,523.6",24.7,12.6
23,Mac Jones,NE,QB,41.7,156.3,0.9,0.0,0,0.0,2.8,544.6,359.4,"3,945.5",24.9,13.9
24,Carson Wentz,WAS,QB,57.6,240.8,1.9,0.0,0,0.0,3.9,538.3,343.3,"3,693.4",22.4,11.6
25,Jared Goff,DET,QB,31.7,80.1,1.0,0.0,0,0.0,3.8,565.1,370.9,"3,921.7",24.9,12.5
26,Baker Mayfield,CAR,QB,44.7,166.1,1.5,0.0,0,0.0,2.5,549.9,344.5,"3,728.9",21.4,14.5
27,Davis Mills,HOU,QB,34.2,110.7,0.8,0.0,0,0.0,1.9,538.1,351.8,"3,775.0",20.6,14.1
28,Marcus Mariota,ATL,QB,54.6,328.7,2.4,0.0,0,0.0,1.2,419.7,263.5,"2,898.3",15.8,11.3
29,Zach Wilson,NYJ,QB,38.7,204.6,2.2,0.0,0,0.0,1.6,453.0,274.0,"2,988.0",18.3,11.9
30,Mitch Trubisky,PIT,QB,44.3,213.7,1.8,0.0,0,0.0,1.3,417.4,265.9,"2,666.3",15.9,10.4
31,Jacoby Brissett,CLE,QB,30.8,136.7,1.5,0.0,0,0.0,2.6,376.2,235.2,"2,745.8",15.5,9.4
32,Geno Smith,SEA,QB,26.0,121.8,1.2,0.0,0,0.0,2.5,349.9,222.6,"2,695.2",15.7,9.8
33,Deshaun Watson,CLE,QB,26.2,138.1,1.6,0.0,0,0.0,1.2,146.2,98.2,"1,132.9",7.9,3.2
34,Kenny Pickett,PIT,QB,14.5,68.7,0.6,0.0,0,0.0,1.0,190.0,116.8,"1,376.5",7.9,5.5
35,Drew Lock,SEA,QB,17.1,56.5,0.6,0.0,0,0.0,0.7,184.2,114.6,"1,128.8",6.2,4.1
36,Desmond Ridder,ATL,QB,13.7,66.5,0.5,0.0,0,0.0,0.8,157.1,97.2,"1,130.9",5.1,4.6
37,Joe Flacco,NYJ,QB,5.5,17.9,0.2,0.0,0,0.0,0.7,137.3,84.4,918.3,4.9,3.0
38,Andy Dalton,NO,QB,3.9,13.5,0.1,0.0,0,0.0,0.2,57.7,36.4,408.6,2.9,1.7
39,Tyrod Taylor,NYG,QB,4.3,25.0,0.1,0.0,0,0.0,0.3,43.0,26.2,288.7,1.7,1.0
40,Taysom Hill,NO,QB,21.7,99.7,0.9,0.0,0,0.0,0.0,11.0,7.2,77.8,0.3,0.3
41,Sam Darnold,CAR,QB,1.3,16.7,0.1,0.0,0,0.0,0.2,25.0,15.3,287.0,1.6,1.2
42,Tyler Huntley,BAL,QB,6.4,34.7,0.2,0.0,0,0.0,0.2,31.2,20.3,238.5,1.6,1.3
43,Joshua Dobbs,CLE,QB,3.8,32.3,0.2,0.0,0,0.0,0.1,26.5,17.3,253.0,1.1,1.2
44,Trace McSorley,ARI,QB,3.2,11.7,0.3,0.0,0,0.0,0.2,36.6,23.1,270.8,1.2,1.3
45,Shane Buechele,KC,QB,0.0,8.3,0.4,0.0,0,0.0,0.2,0.0,0.0,287.1,0.9,1.7
46,Jimmy Garoppolo,SF,QB,0.9,1.4,0.0,0.0,0,0.0,0.1,32.0,20.7,267.3,1.6,1.1
47,Josh Johnson,DEN,QB,0.0,0.3,0.2,0.0,0,0.0,0.2,0.0,0.0,260.7,1.6,2.1
48,Cooper Rush,DAL,QB,2.6,4.5,0.0,0.0,0,0.0,0.1,33.2,20.8,233.8,1.5,0.5
49,Trevor Siemian,CHI,QB,2.5,7.3,0.0,0.0,0,0.0,0.1,33.9,20.2,267.3,1.1,1.0
50,Gardner Minshew II,PHI,QB,4.3,16.6,0.1,0.0,0,0.0,0.2,29.9,19.2,206.7,1.4,0.7
51,Colt McCoy,ARI,QB,3.3,10.3,0.0,0.0,0,0.0,0.0,32.3,20.7,226.7,1.3,0.7
52,Teddy Bridgewater,MIA,QB,2.1,7.3,0.0,0.0,0,0.0,0.1,28.5,18.6,199.1,1.2,0.5
53,Taylor Heinicke,WAS,QB,2.6,12.4,0.0,0.0,0,0.0,0.1,23.9,15.1,164.9,1.4,0.7
54,Malik Willis,TEN,QB,2.0,11.3,0.1,0.0,0,0.0,0.1,22.3,13.8,188.8,1.0,1.2
55,Jordan Love,GB,QB,2.4,8.5,0.1,0.0,0,0.0,0.1,20.6,12.4,172.2,1.1,0.9
56,Kyle Allen,HOU,QB,1.6,6.2,0.1,0.0,0,0.0,0.8,27.3,17.3,187.6,1.1,0.7
57,Brian Hoyer,NE,QB,1.6,1.9,0.1,0.0,0,0.0,0.1,21.5,13.4,169.5,1.0,0.8
58,Brett Rypien,DEN,QB,1.5,4.8,0.0,0.0,0,0.0,0.3,20.5,12.4,140.0,1.2,0.5
59,C.J. Beathard,JAC,QB,1.5,6.2,0.0,0.0,0,0.0,0.7,23.6,14.6,162.3,1.1,0.6
60,Case Keenum,BUF,QB,1.2,4.6,0.0,0.0,0,0.0,0.1,19.2,12.1,136.6,1.0,0.4
61,Kyle Trask,TB,QB,1.0,3.0,0.0,0.0,0,0.0,0.0,22.0,13.0,135.0,1.0,0.0
62,Nate Sudfeld,DET,QB,1.5,6.7,0.1,0.0,0,0.0,0.2,23.2,14.1,160.1,0.8,0.9
63,Blaine Gabbert,TB,QB,1.1,3.6,0.0,0.0,0,0.0,0.3,19.2,12.0,135.9,1.1,0.3
64,Jarrett Stidham,LV,QB,1.6,4.0,0.0,0.0,0,0.0,0.1,20.8,13.2,146.8,1.0,0.8
65,John Wolford,LAR,QB,2.0,8.4,0.0,0.0,0,0.0,0.1,19.3,12.0,135.0,0.8,0.4
66,Nick Foles,IND,QB,1.6,7.0,0.0,0.0,0,0.0,0.1,17.3,11.1,121.7,1.0,0.5
67,Nick Mullens,MIN,QB,1.4,2.5,0.0,0.0,0,0.0,0.6,19.3,12.3,144.6,1.0,0.4
68,Chase Daniel,LAC,QB,1.5,4.6,0.0,0.0,0,0.0,0.2,18.5,11.4,125.6,0.8,0.4
69,Sam Howell,WAS,QB,2.0,8.8,0.1,0.0,0,0.0,0.1,16.4,10.0,108.9,0.7,0.5
70,Chad Henne,KC,QB,1.8,4.3,0.0,0.0,0,0.0,0.2,15.9,10.1,112.8,0.9,0.6
71,Tim Boyle,DET,QB,0.0,0.0,0.0,0.0,0,0.0,0.0,12.0,7.0,81.0,1.0,0.0
72,Brandon Allen,CIN,QB,0.8,3.2,0.0,0.0,0,0.0,0.2,16.0,10.0,111.8,0.7,0.2
73,PJ Walker,CAR,QB,1.1,3.5,0.0,0.0,0,0.0,0.4,18.4,11.7,125.7,0.5,0.7
74,Mason Rudolph,PIT,QB,2.0,7.5,0.0,0.0,0,0.0,0.0,13.0,8.5,77.0,0.5,0.5
75,Mike White,NYJ,QB,2.0,1.5,0.0,0.0,0,0.0,0.0,11.0,6.5,72.5,0.5,0.5
76,Sean Mannion,SEA,QB,0.0,0.0,0.0,0.0,0,0.0,0.0,5.7,3.7,40.3,0.3,0.0
77,Jared Bernhardt,ATL,QB,1.0,4.0,0.0,0.0,0,0.0,0.0,0.0,0.0,0.0,0.0,0.0
78,Jacob Eason,CAR,QB,0.0,0.0,0.0,0.0,0,0.0,0.0,0.0,0.0,0.0,0.0,0.0
79,Stone Smartt,LAC,QB,0.0,0.0,0.0,0.0,0,0.0,0.0,0.0,0.0,0.0,0.0,0.0
80,Armani Rogers,WAS,QB,0.0,0.0,0.0,0.0,0,0.0,0.0,0.0,0.0,0.0,0.0,0.0
81,Feleipe Franks,ATL,QB,0.0,0.0,0.0,0.0,0,0.0,0.0,0.0,0.0,0.0,0.0,0.0
82,Nathan Peterman,CHI,QB,0.0,0.0,0.0,0.0,0,0.0,0.0,0.0,0.0,0.0,0.0,0.0
83,Sam Ehlinger,IND,QB,0.0,0.0,0.0,0.0,0,0.0,0.0,0.0,0.0,0.0,0.0,0.0
84,Jeff Driskel,HOU,QB,0.0,0.0,0.0,0.0,0,0.0,0.0,0.0,0.0,0.0,0.0,0.0
85,Ian Book,PHI,QB,0.0,0.0,0.0,0.0,0,0.0,0.0,0.0,0.0,0.0,0.0,0.0
86,Ryan Griffin,TB,QB,0.0,0.0,0.0,0.0,0,0.0,0.0,0.0,0.0,0.0,0.0,0.0
87,Kellen Mond,CLE,QB,0.0,0.0,0.0,0.0,0,0.0,0.0,0.0,0.0,0.0,0.0,0.0
88,Easton Stick,LAC,QB,0.0,0.0,0.0,0.0,0,0.0,0.0,0.0,0.0,0.0,0.0,0.0
89,0,0,QB,0.0,0,0.0,0.0,0,0.0,0.0,0.0,0.0,0,0.0,0.0
90,0,0,QB,0.0,0,0.0,0.0,0,0.0,0.0,0.0,0.0,0,0.0,0.0
1,Mark Andrews,BAL,TE,0.0,0,0.0,94.8,"1,182.3",8.7,0.3,0.0,0.0,0,0.0,0.0
2,Travis Kelce,KC,TE,0.0,0,0.0,96.0,"1,134.7",9.0,0.3,0.0,0.0,0,0.0,0.0
3,Kyle Pitts,ATL,TE,0.0,0,0.0,75.0,989.6,5.0,0.2,0.0,0.0,0,0.0,0.0
4,Darren Waller,LV,TE,0.0,0,0.0,74.9,907.0,5.3,0.2,0.0,0.0,0,0.0,0.0
5,Dalton Schultz,DAL,TE,0.0,0,0.0,76.9,800.4,5.9,0.2,0.0,0.0,0,0.0,0.0
6,George Kittle,SF,TE,0.0,0,0.0,67.3,817.2,5.4,0.3,0.0,0.0,0,0.0,0.0
7,Dallas Goedert,PHI,TE,0.0,0,0.0,63.5,772.8,4.8,0.2,0.0,0.0,0,0.0,0.0
8,T.J. Hockenson,DET,TE,0.0,0,0.0,67.9,697.8,5.2,0.2,0.0,0.0,0,0.0,0.0
9,Dawson Knox,BUF,TE,0.0,0,0.0,52.4,629.3,6.2,0.2,0.0,0.0,0,0.0,0.0
10,Hunter Henry,NE,TE,0.0,0,0.0,55.3,631.2,5.8,0.1,0.0,0.0,0,0.0,0.0
11,Zach Ertz,ARI,TE,0.0,0,0.0,63.3,650.8,4.5,0.1,0.0,0.0,0,0.0,0.0
12,Tyler Higbee,LAR,TE,0.0,0,0.0,57.9,583.2,4.8,0.2,0.0,0.0,0,0.0,0.0
13,Cole Kmet,CHI,TE,0.0,0,0.0,61.3,637.1,3.9,0.2,0.0,0.0,0,0.0,0.0
14,Mike Gesicki,MIA,TE,0.0,0,0.0,57.4,622.1,4.0,0.1,0.0,0.0,0,0.0,0.0
15,Noah Fant,SEA,TE,0.0,0,0.0,59.3,639.4,3.6,0.1,0.0,0.0,0,0.0,0.0
16,Irv Smith Jr.,MIN,TE,0.0,0,0.0,50.9,571.1,4.4,0.2,0.0,0.0,0,0.0,0.0
17,Pat Freiermuth,PIT,TE,0.0,0,0.0,62.1,588.4,4.1,0.2,0.0,0.0,0,0.0,0.0
18,David Njoku,CLE,TE,0.0,0,0.0,53.5,583.0,4.0,0.1,0.0,0.0,0,0.0,0.0
19,Gerald Everett,LAC,TE,0.0,0,0.0,52.4,546.4,4.4,0.3,0.0,0.0,0,0.0,0.0
20,Robert Tonyan,GB,TE,0.0,0,0.0,46.6,529.7,4.5,0.1,0.0,0.0,0,0.0,0.0
21,Albert Okwuegbunam,DEN,TE,0.0,0,0.0,48.9,511.3,4.7,0.2,0.0,0.0,0,0.0,0.0
22,Logan Thomas,WAS,TE,0.0,0,0.0,48.9,513.0,4.3,0.1,0.0,0.0,0,0.0,0.0
23,Evan Engram,JAC,TE,0.0,0,0.0,53.2,550.5,3.5,0.2,0.0,0.0,0,0.0,0.0
24,Austin Hooper,TEN,TE,0.0,0,0.0,48.5,485.8,3.7,0.1,0.0,0.0,0,0.0,0.0
25,Hayden Hurst,CIN,TE,0.0,0,0.0,42.1,446.5,3.8,0.2,0.0,0.0,0,0.0,0.0
26,Mo Alie-Cox,IND,TE,0.0,0,0.0,38.1,454.0,3.4,0.2,0.0,0.0,0,0.0,0.0
27,Brevin Jordan,HOU,TE,0.0,0,0.0,41.7,432.2,2.7,0.2,0.0,0.0,0,0.0,0.0
28,Isaiah Likely,BAL,TE,0.0,0,0.0,31.9,351.9,2.9,0.2,0.0,0.0,0,0.0,0.0
29,Adam Trautman,NO,TE,0.0,0,0.0,31.6,334.9,3.0,0.1,0.0,0.0,0,0.0,0.0
30,C.J. Uzomah,NYJ,TE,0.0,0,0.0,34.2,343.2,2.5,0.1,0.0,0.0,0,0.0,0.0
31,Kyle Rudolph,TB,TE,0.0,0,0.0,30.8,304.8,3.1,0.1,0.0,0.0,0,0.0,0.0
32,Jonnu Smith,NE,TE,0.0,0,0.0,30.7,328.7,2.6,0.1,0.0,0.0,0,0.0,0.0
33,Cameron Brate,TB,TE,0.0,0,0.0,32.3,307.0,2.9,0.1,0.0,0.0,0,0.0,0.0
34,Andrew Beck,DEN,TE,0.0,0,0.0,27.9,295.3,2.9,0.0,0.0,0.0,0,0.0,0.0
35,Dan Arnold,JAC,TE,0.0,0,0.0,26.4,310.8,2.0,0.1,0.0,0.0,0,0.0,0.0
36,Tyler Conklin,NYJ,TE,0.0,0,0.0,32.0,305.3,2.1,0.1,0.0,0.0,0,0.0,0.0
37,Tommy Tremble,CAR,TE,0.0,0,0.0,28.3,293.9,2.2,0.1,0.0,0.0,0,0.0,0.0
38,Harrison Bryant,CLE,TE,0.0,0,0.0,28.4,294.3,1.9,0.1,0.0,0.0,0,0.0,0.0
39,Jordan Akins,HOU,TE,0.0,0,0.0,29.2,305.5,1.5,0.0,0.0,0.0,0,0.0,0.0
40,Daniel Bellinger,NYG,TE,0.0,0,0.0,25.6,262.1,1.8,0.2,0.0,0.0,0,0.0,0.0
41,Foster Moreau,LV,TE,0.0,0,0.0,23.6,257.8,1.9,0.1,0.0,0.0,0,0.0,0.0
42,Geoff Swaim,TEN,TE,0.0,0,0.0,24.5,225.0,2.0,0.1,0.0,0.0,0,0.0,0.0
43,Donald Parham Jr.,LAC,TE,0.0,0,0.0,20.7,219.0,2.0,0.1,0.0,0.0,0,0.0,0.0
44,Kylen Granson,IND,TE,0.0,0,0.0,20.6,233.6,1.5,0.2,0.0,0.0,0,0.0,0.0
45,Durham Smythe,MIA,TE,0.0,0,0.0,23.5,230.4,1.4,0.0,0.0,0.0,0,0.0,0.0
46,Josiah Deguara,GB,TE,0.0,0,0.0,19.7,209.7,1.7,0.1,0.0,0.0,0,0.0,0.0
47,Greg Dulcich,DEN,TE,0.0,0,0.0,19.3,211.8,1.5,0.1,0.0,0.0,0,0.0,0.0
48,Pharaoh Brown,HOU,TE,0.0,0,0.0,21.6,218.4,1.2,0.1,0.0,0.0,0,0.0,0.0
49,Anthony Firkser,ATL,TE,0.0,0,0.0,18.0,203.9,1.2,0.0,0.0,0.0,0,0.0,0.0
50,Taysom Hill,NO,TE,0.0,0,0.0,16.5,161.0,1.5,0.0,0.0,0.0,0,0.0,0.0
51,Will Dissly,SEA,TE,0.0,0,0.0,17.4,178.6,1.3,0.2,0.0,0.0,0,0.0,0.0
52,Trey McBride,ARI,TE,0.0,0,0.0,14.9,163.7,1.3,0.1,0.0,0.0,0,0.0,0.0
53,Jelani Woods,IND,TE,0.0,0,0.0,14.9,165.0,1.2,0.1,0.0,0.0,0,0.0,0.0
54,Ian Thomas,CAR,TE,0.0,0,0.0,16.9,167.8,1.0,0.1,0.0,0.0,0,0.0,0.0
55,John Bates,WAS,TE,0.0,0,0.0,14.0,146.8,1.3,0.1,0.0,0.0,0,0.0,0.0
56,O.J. Howard,HOU,TE,0.0,0,0.0,14.1,160.5,1.0,0.1,0.0,0.0,0,0.0,0.0
57,Chris Myarick,NYG,TE,0.0,0,0.0,15.8,152.9,1.2,0.1,0.0,0.0,0,0.0,0.0
58,Zach Davidson,BUF,TE,0.0,0,0.0,14.0,148.0,1.0,0.0,0.0,0.0,0,0.0,0.0
59,Ryan Griffin,CHI,TE,0.0,0,0.0,14.3,147.4,1.0,0.1,0.0,0.0,0,0.0,0.0
60,Marcedes Lewis,GB,TE,0.0,0,0.0,13.6,145.7,1.0,0.0,0.0,0.0,0,0.0,0.0
61,Jake Ferguson,DAL,TE,0.0,0,0.0,14.0,151.6,0.9,0.1,0.0,0.0,0,0.0,0.0
62,Cade Otton,TB,TE,0.0,0,0.0,12.1,137.8,1.1,0.1,0.0,0.0,0,0.0,0.0
63,Kendall Blanton,LAR,TE,0.0,0,0.0,11.0,133.0,1.0,0.0,0.0,0.0,0,0.0,0.0
64,Brycen Hopkins,LAR,TE,0.0,0,0.0,12.1,121.3,1.2,0.1,0.0,0.0,0,0.0,0.0
65,Parker Hesse,ATL,TE,0.0,0,0.0,12.6,125.7,0.8,0.2,0.0,0.0,0,0.0,0.0
66,Jody Fortson,KC,TE,0.0,0,0.0,9.4,94.4,1.2,0.1,0.0,0.0,0,0.0,0.0
67,Zach Gentry,PIT,TE,0.0,0,0.0,12.1,112.1,0.9,0.0,0.0,0.0,0,0.0,0.0
68,Noah Gray,KC,TE,0.0,0,0.0,9.8,98.6,1.1,0.1,0.0,0.0,0,0.0,0.0
69,Connor Heyward,PIT,TE,0.0,0,0.0,11.6,116.2,0.7,0.1,0.0,0.0,0,0.0,0.0
70,Drew Sample,CIN,TE,0.0,0,0.0,10.1,104.4,0.8,0.1,0.0,0.0,0,0.0,0.0
71,Chris Manhertz,JAC,TE,0.0,0,0.0,9.6,103.1,0.7,0.1,0.0,0.0,0,0.0,0.0
72,Tyler Kroft,SF,TE,0.0,0,0.0,9.2,93.6,0.8,0.0,0.0,0.0,0,0.0,0.0
73,Ross Dwelley,SF,TE,0.0,0,0.0,9.7,88.3,0.7,0.0,0.0,0.0,0,0.0,0.0
74,Peyton Hendershot,DAL,TE,0.0,0,0.0,8.3,86.2,0.8,0.1,0.0,0.0,0,0.0,0.0
75,Blake Bell,KC,TE,0.0,0,0.0,8.8,81.4,0.8,0.0,0.0,0.0,0,0.0,0.0
76,Nick Boyle,BAL,TE,0.0,0,0.0,7.8,75.8,0.7,0.0,0.0,0.0,0,0.0,0.0
77,Luke Farrell,JAC,TE,0.0,0,0.0,7.6,80.8,0.6,0.1,0.0,0.0,0,0.0,0.0
78,Tyree Jackson,PHI,TE,0.0,0,0.0,7.2,69.4,0.7,0.1,0.0,0.0,0,0.0,0.0
79,Chigoziem Okonkwo,TEN,TE,0.0,0,0.0,7.0,74.1,0.6,0.0,0.0,0.0,0,0.0,0.0
80,Brock Wright,DET,TE,0.0,0,0.0,7.3,71.7,0.6,0.1,0.0,0.0,0,0.0,0.0
81,Nick Vannett,NO,TE,0.0,0,0.0,6.2,65.0,0.6,0.1,0.0,0.0,0,0.0,0.0
82,Johnny Mundt,MIN,TE,0.0,0,0.0,6.9,68.4,0.6,0.1,0.0,0.0,0,0.0,0.0
83,MyCole Pruitt,ATL,TE,0.0,0,0.0,7.2,69.2,0.5,0.0,0.0,0.0,0,0.0,0.0
84,Armani Rogers,WAS,TE,0.0,0,0.0,6.2,64.9,0.5,0.0,0.0,0.0,0,0.0,0.0
85,Ben Ellefson,MIN,TE,0.0,0,0.0,5.2,54.8,0.6,0.0,0.0,0.0,0,0.0,0.0
86,Tre' McKitty,LAC,TE,0.0,0,0.0,6.9,69.5,0.4,0.1,0.0,0.0,0,0.0,0.0
87,Jack Stoll,PHI,TE,0.0,0,0.0,7.1,73.7,0.3,0.0,0.0,0.0,0,0.0,0.0
88,Eric Tomlinson,DEN,TE,0.0,0,0.0,5.4,57.9,0.5,0.0,0.0,0.0,0,0.0,0.0
89,Maxx Williams,ARI,TE,0.0,0,0.0,7.0,71.1,0.3,0.1,0.0,0.0,0,0.0,0.0
90,Tanner Hudson,NYG,TE,0.0,0,0.0,5.7,61.9,0.4,0.1,0.0,0.0,0,0.0,0.0
91,Jesper Horsted,LV,TE,0.0,0,0.0,5.4,57.1,0.5,0.0,0.0,0.0,0,0.0,0.0
92,Colby Parkinson,SEA,TE,0.0,0,0.0,5.4,52.2,0.4,0.1,0.0,0.0,0,0.0,0.0
93,Eric Saubert,DEN,TE,0.0,0,0.0,4.9,46.7,0.5,0.0,0.0,0.0,0,0.0,0.0
94,Ko Kieft,TB,TE,0.0,0,0.0,4.4,46.5,0.4,0.0,0.0,0.0,0,0.0,0.0
95,Stephen Anderson,ARI,TE,0.0,0,0.0,4.1,44.1,0.3,0.0,0.0,0.0,0,0.0,0.0
96,Grant Calcaterra,PHI,TE,0.0,0,0.0,3.8,38.9,0.4,0.0,0.0,0.0,0,0.0,0.0
97,Dominique Dafney,DEN,TE,0.0,0,0.0,4.1,40.8,0.4,0.0,0.0,0.0,0,0.0,0.0
98,Reggie Gilliam,BUF,TE,0.0,0,0.0,4.1,37.9,0.4,0.0,0.0,0.0,0,0.0,0.0
99,Kevin Rader,TEN,TE,0.0,0,0.0,4.2,39.4,0.3,0.0,0.0,0.0,0,0.0,0.0
100,Devin Asiasi,CIN,TE,0.0,0,0.0,4.1,37.5,0.3,0.0,0.0,0.0,0,0.0,0.0
101,Jeremy Ruckert,NYJ,TE,0.0,0,0.0,3.9,39.3,0.3,0.0,0.0,0.0,0,0.0,0.0
102,Colin Thompson,CAR,TE,0.0,0,0.0,3.7,37.2,0.3,0.0,0.0,0.0,0,0.0,0.0
103,Stephen Sullivan,CAR,TE,0.0,0,0.0,3.7,37.6,0.3,0.0,0.0,0.0,0,0.0,0.0
104,Tommy Sweeney,BUF,TE,0.0,0,0.0,3.9,43.4,0.2,0.0,0.0,0.0,0,0.0,0.0
105,Jake Tonges,CHI,TE,0.0,0,0.0,3.6,37.3,0.3,0.0,0.0,0.0,0,0.0,0.0
106,Jesse James,CLE,TE,0.0,0,0.0,4.0,38.5,0.2,0.0,0.0,0.0,0,0.0,0.0
107,Charlie Woerner,SF,TE,0.0,0,0.0,3.0,28.7,0.3,0.0,0.0,0.0,0,0.0,0.0
108,Juwan Johnson,NO,TE,0.0,0,0.0,2.6,29.0,0.3,0.0,0.0,0.0,0,0.0,0.0
109,Charlie Kolar,BAL,TE,0.0,0,0.0,2.6,27.6,0.3,0.0,0.0,0.0,0,0.0,0.0
110,Josh Oliver,BAL,TE,0.0,0,0.0,2.6,26.1,0.2,0.0,0.0,0.0,0,0.0,0.0
111,Cole Turner,WAS,TE,0.0,0,0.0,2.1,22.3,0.2,0.0,0.0,0.0,0,0.0,0.0
112,Quintin Morris,BUF,TE,0.0,0,0.0,1.9,19.3,0.2,0.0,0.0,0.0,0,0.0,0.0
113,Hunter Long,MIA,TE,0.0,0,0.0,2.0,19.9,0.2,0.0,0.0,0.0,0,0.0,0.0
114,Tanner Conner,MIA,TE,0.0,0,0.0,1.9,18.8,0.2,0.0,0.0,0.0,0,0.0,0.0
115,Mitchell Wilcox,CIN,TE,0.0,0,0.0,1.8,18.3,0.2,0.0,0.0,0.0,0,0.0,0.0
116,James Mitchell,DET,TE,0.0,0,0.0,1.8,18.3,0.2,0.0,0.0,0.0,0,0.0,0.0
117,Shane Zylstra,DET,TE,0.0,0,0.0,1.8,18.1,0.2,0.0,0.0,0.0,0,0.0,0.0
118,Cethan Carter,MIA,TE,0.0,0,0.0,0.9,8.9,0.1,0.0,0.0,0.0,0,0.0,0.0
119,Jared Pinkney,LAR,TE,0.0,0,0.0,0.0,0.0,0.0,0.0,0.0,0.0,0,0.0,0.0
120,J.P. Holtz,NO,TE,0.0,0,0.0,0.0,0.0,0.0,0.0,0.0,0.0,0,0.0,0.0
121,Miller Forristall,CLE,TE,0.0,0,0.0,0.0,0.0,0.0,0.0,0.0,0.0,0,0.0,0.0
122,Troy Fumagalli,SF,TE,0.0,0,0.0,0.0,0.0,0.0,0.0,0.0,0.0,0,0.0,0.0
123,Jordan Franks,KC,TE,0.0,0,0.0,0.0,0.0,0.0,0.0,0.0,0.0,0,0.0,0.0
124,0,0,TE,0.0,0,0.0,0.0,0,0.0,0.0,0.0,0.0,0,0.0,0.0
125,0,0,TE,0.0,0,0.0,0.0,0,0.0,0.0,0.0,0.0,0,0.0,0.0
